Datum;Anfang;Ende;Biomasse [MWh] Berechnete Auflösungen;Wasserkraft [MWh] Berechnete Auflösungen;Wind Offshore [MWh] Berechnete Auflösungen;Wind Onshore [MWh] Berechnete Auflösungen;Photovoltaik [MWh] Berechnete Auflösungen;Sonstige Erneuerbare [MWh] Berechnete Auflösungen;Kernenergie [MWh] Berechnete Auflösungen;Braunkohle [MWh] Berechnete Auflösungen;Steinkohle [MWh] Berechnete Auflösungen;Erdgas [MWh] Berechnete Auflösungen;Pumpspeicher [MWh] Berechnete Auflösungen;Sonstige Konventionelle [MWh] Berechnete Auflösungen
01.01.2022;00:00;00:00;107.182,75;35.128;132.018,75;395.223,75;34.435,5;3.586;80.217,75;117.541,5;65.930,5;66.097,5;28.974,25;34.744,5
02.01.2022;00:00;00:00;107.012,25;34.489,5;148.225;637.309,25;25.637;3.606,25;79.984,75;84.983;53.679,5;63.712;16.545,75;34.803,25
03.01.2022;00:00;00:00;107.247;34.450,5;137.050,5;753.218,75;22.639;3.676,25;88.018;200.795;81.524,5;92.717,5;27.648,75;33.329,75
04.01.2022;00:00;00:00;108.293,25;35.213;115.423,5;359.462,75;10.520,75;4.642,75;97.591;313.122,25;219.827,5;156.832,75;37.457,5;35.042,25
05.01.2022;00:00;00:00;106.048,75;34.797,75;137.739,25;720.438,25;26.398,5;4.248;98.164,5;292.972,75;159.713,75;99.937,5;15.672,75;33.087,75
06.01.2022;00:00;00:00;109.441,25;34.295,75;91.901;290.943,5;50.204,25;4.868;97.224,25;292.546;245.765;161.303,75;36.790,25;35.525,5
07.01.2022;00:00;00:00;111.390,5;34.284,5;138.935,75;514.458,25;18.405,5;4.747;98.040,5;325.941,75;229.822,75;126.999;30.634,75;35.284
08.01.2022;00:00;00:00;110.194,25;32.593;126.319,25;458.570;22.176;4.858,25;97.908,5;298.687,25;218.409,5;106.765,5;18.501,25;34.901,25
09.01.2022;00:00;00:00;109.947;33.351,5;106.707;452.708,25;20.859,25;4.589,5;70.531,75;274.390;186.144,75;110.346,25;19.351,75;34.122,75
10.01.2022;00:00;00:00;110.750,25;35.169,25;23.279,75;57.816,75;26.998,25;4.883;65.672,75;350.497,5;278.851,25;259.020,75;39.690,75;33.503,25
11.01.2022;00:00;00:00;110.356,5;35.465,25;78.363,75;95.699,5;38.220,25;4.896;97.103,5;359.936,75;272.677,75;269.676;29.368,25;26.781
12.01.2022;00:00;00:00;111.357,75;34.013;56.031;140.856,5;37.332,25;5.035,25;95.502,75;358.710,75;273.212,5;273.753;37.756,5;26.861
13.01.2022;00:00;00:00;111.429,25;33.077;125.399,5;421.973,25;37.465,75;4.989,75;98.448,75;332.230;249.939,25;217.912,75;29.308;27.248,25
14.01.2022;00:00;00:00;112.793;31.743,75;89.427;370.615,5;47.656,5;4.904;97.685,5;329.175,25;263.225,25;232.688;25.794;31.968,25
15.01.2022;00:00;00:00;114.056;31.372,75;26.105,75;68.870,75;30.026;5.001,25;95.819,5;319.361;290.032;229.759,25;22.943,5;36.789
16.01.2022;00:00;00:00;111.944,5;31.101,25;113.651,25;406.760,5;24.654,75;5.037;98.381,75;274.722;217.043,5;116.981,5;14.272,75;34.276,5
17.01.2022;00:00;00:00;111.511;30.466;112.473,5;648.476,75;21.525,5;4.803,75;96.954;273.412,5;225.502,25;150.511,75;23.911;33.739,25
18.01.2022;00:00;00:00;113.441,75;31.846,5;66.478,5;164.159,75;30.909,75;5.043,75;94.413;345.101,5;319.936,25;260.517;38.974,25;35.878,5
19.01.2022;00:00;00:00;112.250,25;30.224,25;150.661;490.844,5;49.497;4.862,25;97.979;313.272,75;259.433,75;183.193;19.550;33.378,25
20.01.2022;00:00;00:00;111.140,5;29.372,5;140.600,25;706.528;39.015;4.754,25;98.125;270.618,5;198.595,25;141.210,75;29.360,5;32.959,75
21.01.2022;00:00;00:00;112.287;28.538,5;147.224,5;492.000,75;44.330,5;4.924,25;98.265,25;298.827;236.046,25;189.077,25;33.136,75;38.507,75
22.01.2022;00:00;00:00;112.549,25;28.287,25;71.286,25;304.679;20.572;4.858;96.708,5;312.449,75;199.894,75;211.562;24.993,75;35.280,75
23.01.2022;00:00;00:00;111.508,75;26.900,5;36.023;120.421,25;24.846;4.892,75;95.302,75;332.321,25;261.738,75;215.403,5;15.724;35.498,25
24.01.2022;00:00;00:00;113.528,5;29.432,75;54.921,25;79.628,25;37.574,5;4.908,5;97.453,25;333.000,5;293.638,5;269.948;38.041;36.627,5
25.01.2022;00:00;00:00;114.116;34.484,5;42.455,25;95.302,75;27.290,75;5.011,5;98.622,5;332.419,25;299.193,5;303.309;39.185,25;37.667,5
26.01.2022;00:00;00:00;113.389,25;32.981;125.569,25;347.183,25;21.631,5;5.006;98.524,25;307.533;286.224,75;252.855,75;30.765;33.818,25
27.01.2022;00:00;00:00;110.118,75;30.214,75;119.476,25;746.866,75;34.492,5;4.706;98.168,5;244.574,75;219.712,75;134.673,5;23.111,5;30.022,75
28.01.2022;00:00;00:00;113.653,25;23.963,25;110.074,75;572.506,75;52.778,5;4.635;97.881,75;264.152,25;196.127,75;163.371,25;32.696,75;35.149,25
29.01.2022;00:00;00:00;111.092,75;22.841,75;109.774,25;863.079,25;19.712,75;3.828;95.745;150.830,5;104.710,5;102.054,5;17.638;30.914,25
30.01.2022;00:00;00:00;111.018,5;21.622,25;111.033,5;716.371,25;55.008,25;3.974,5;88.167;166.967;106.920,75;94.238,5;20.118,5;31.412
31.01.2022;00:00;00:00;113.079,75;25.047,25;89.599,5;422.254;22.353,5;4.654,5;98.084,75;296.893;192.127,75;179.390,75;40.700,75;34.057,75
01.02.2022;00:00;00:00;111.002;25.097,75;111.276,75;759.375,75;18.556,5;4.233;97.340,25;253.353;163.628,75;151.722;20.404,25;33.365
02.02.2022;00:00;00:00;111.756,75;25.917,75;92.009,25;705.069,5;50.278,75;3.986,5;96.931,5;248.274,5;171.465,75;162.911,25;23.692,25;35.497,5
03.02.2022;00:00;00:00;112.851,75;26.343;108.660;353.535,75;29.582,75;4.688,75;96.500,75;302.781;238.629,75;223.594,25;25.874,5;39.204,5
04.02.2022;00:00;00:00;112.184,75;24.449,75;120.205;661.527,5;34.224;4.407;97.774,25;257.526,25;145.399,25;145.011,75;17.686,25;37.413,5
05.02.2022;00:00;00:00;112.235,75;24.037;121.935,5;818.636,25;80.363,25;3.649,25;96.356,25;125.422,75;93.594;95.874;20.085;30.800,5
06.02.2022;00:00;00:00;111.854,5;23.649,25;100.601;898.696,25;25.918,5;3.465,5;87.914;106.929,75;76.894,5;77.370,75;26.315,25;29.940,25
07.02.2022;00:00;00:00;111.833,75;26.293,5;108.264,75;782.925,25;59.322,5;4.294,5;96.857;189.785,5;142.553;121.618,75;27.565,25;36.214,25
08.02.2022;00:00;00:00;112.139,5;25.316,25;122.258,75;725.464,25;36.639,75;4.441,5;97.716,5;253.595,25;191.060,75;132.540,5;17.667,5;33.522,25
09.02.2022;00:00;00:00;112.899,5;25.630,5;110.342,5;517.557,25;68.522,5;4.509;97.578,25;279.575,5;221.477,75;156.686,5;23.327,75;37.576
10.02.2022;00:00;00:00;114.288,75;26.876,25;101.254,75;309.363;68.097,5;4.710,75;97.687,75;280.293,75;273.858;213.486,25;21.153,5;36.003,5
11.02.2022;00:00;00:00;114.486,5;27.262;86.995;405.449,25;62.467,75;4.842,75;97.506,75;315.869;232.411,5;174.921;25.277,75;36.022,5
12.02.2022;00:00;00:00;113.778;25.738;123.683;320.532;143.279,5;4.535;97.621,75;285.579,5;194.979,5;132.261,5;17.869,5;34.623,5
13.02.2022;00:00;00:00;111.279,25;24.542;123.906;604.727,5;145.227,25;3.876,75;96.684,25;166.112,5;112.273;100.567,25;16.687,25;32.794,75
14.02.2022;00:00;00:00;112.350,5;23.978,5;130.354,25;679.082,25;92.889,25;4.234,75;96.992,5;212.481,25;183.078,25;135.222;26.266,5;37.701,25
15.02.2022;00:00;00:00;113.586,75;26.662,25;114.705,75;547.452,5;58.630;4.665,25;97.765,5;266.399,75;238.381;150.721;29.264,5;37.446,5
16.02.2022;00:00;00:00;111.017;25.218;110.187,25;902.477,75;32.570,5;3.922;97.349,5;187.258,5;161.967,25;122.355,5;24.284,25;34.231,75
17.02.2022;00:00;00:00;109.130,75;26.921,5;94.849;951.661,25;78.886,25;3.796,75;95.736;116.073,5;132.983,75;102.566,25;23.755;32.842,25
18.02.2022;00:00;00:00;110.995,5;30.957,25;99.333,75;757.089,25;36.243,25;4.257;97.063,5;173.332,25;140.497,25;119.880,5;37.196,75;30.761,25
19.02.2022;00:00;00:00;109.419,75;30.014,75;107.299,75;800.548;113.035,5;3.773;91.545,75;108.643,5;93.315,75;97.246,5;29.595,25;31.989,5
20.02.2022;00:00;00:00;110.651,75;27.832,75;102.351,5;831.591,75;44.678,75;3.642,75;96.258,25;118.269,75;79.036,5;79.267;13.456,5;32.297,75
21.02.2022;00:00;00:00;110.122;28.443,75;117.293;916.440,5;70.165,75;3.999,25;94.661,75;150.446,25;122.848;99.061,25;34.405,75;37.314
22.02.2022;00:00;00:00;111.519,25;27.991,25;114.024;752.087;73.870,25;4.187,5;97.862;244.963,5;166.566,75;124.222;27.945,75;37.239
23.02.2022;00:00;00:00;111.851,5;28.361,25;121.502,25;551.442,5;154.955,25;4.248;95.634,75;258.826,5;198.045,75;141.277;38.698,75;33.633,25
24.02.2022;00:00;00:00;112.093,5;27.223,25;107.633;693.477,5;91.970;4.195,5;97.789,25;281.747,5;182.472,75;122.747,5;20.917,25;35.055,25
25.02.2022;00:00;00:00;112.005,5;26.085,75;125.079;720.160,75;96.174;4.133,5;96.460,75;276.444;173.566,5;109.754,5;22.460,5;37.035,75
26.02.2022;00:00;00:00;113.717,5;24.734,5;24.255,5;172.231;112.337,75;4.581,5;96.309,75;333.073,5;254.170,75;129.080,5;33.912,75;35.917,5
27.02.2022;00:00;00:00;111.824,5;23.950;83.976,5;272.252,75;173.308,5;3.911,75;93.604,25;319.804,75;186.256,75;85.672,75;15.071,75;34.233,25
28.02.2022;00:00;00:00;112.316,5;24.254,25;100.741;252.943;181.070;4.259,25;95.963,25;333.021;244.413;144.541,25;34.659,75;38.454
01.03.2022;00:00;00:00;113.016,5;27.127,75;29.261,5;184.633,75;179.530;4.641,75;96.693,75;333.438,75;257.956,75;202.706,5;30.929,5;37.979,5
02.03.2022;00:00;00:00;113.395,75;28.501;21.613;48.412,25;138.692,25;4.790,5;97.028,5;344.714,25;271.997,25;234.083,25;30.038,5;39.019,5
03.03.2022;00:00;00:00;113.474,5;29.682,25;42.055;102.810,5;181.994,75;4.778,25;97.283,75;314.963,75;284.242,75;198.462;29.788;39.514,25
04.03.2022;00:00;00:00;114.195,25;27.430;57.104,5;131.843,75;154.287,25;4.783;98.484,5;316.804;279.054;189.283,5;22.922;38.478,25
05.03.2022;00:00;00:00;114.176,25;23.352,5;41.361,25;133.502,75;161.163;4.861,25;98.554,5;310.003;272.253,25;134.342;22.806,5;38.870,75
06.03.2022;00:00;00:00;113.475,25;23.307,5;22.491,5;103.060,75;114.495,75;4.982,25;97.914,75;322.110;268.156,75;119.063,75;14.410;39.051
07.03.2022;00:00;00:00;114.684,5;24.468,25;5.381,75;137.522;186.123,5;4.875,75;97.654,75;314.297,25;272.252,75;202.963;37.255,75;38.092,25
08.03.2022;00:00;00:00;113.548,75;24.896,75;48.238,75;195.288,75;217.957;4.735,75;98.353,25;294.790,75;270.153,75;165.650,25;29.160,25;38.963
09.03.2022;00:00;00:00;113.701,5;24.613,25;52.719;138.081;216.686;4.606,5;97.542,5;305.973,75;281.763,25;152.090,75;36.571,25;39.021,75
10.03.2022;00:00;00:00;112.497;22.631;70.240;370.407,25;214.873,25;4.252;94.998,5;291.977,25;252.188,5;122.644,75;31.366,25;36.510,75
11.03.2022;00:00;00:00;109.501;22.847,75;97.752,5;655.314,25;218.978,5;3.633;93.126,5;244.375,75;157.843,5;90.478;28.909,25;36.665
12.03.2022;00:00;00:00;111.922;22.254,5;100.834,75;417.714,75;201.902,5;3.896,5;96.035,25;244.672;142.027,25;83.731,5;35.490,75;35.859,5
13.03.2022;00:00;00:00;111.022,25;22.135,75;92.726,75;360.990,25;212.767,5;3.698,5;95.665,75;258.722,25;118.134,75;78.992,25;13.530,5;35.501,75
14.03.2022;00:00;00:00;112.802,75;22.426,5;43.282,75;236.707,5;132.324;4.460,75;95.772,5;323.363,5;244.299,5;193.847,5;27.621,25;39.129,25
15.03.2022;00:00;00:00;113.608;25.521,75;11.561;76.763,5;68.230,75;4.378;97.567;327.669;270.847;246.578,5;37.759,5;37.244
16.03.2022;00:00;00:00;113.025,25;28.733,25;59.371;241.690;143.841,25;4.566,75;97.607,5;324.050,75;255.029,75;176.787,25;19.403;36.601,5
17.03.2022;00:00;00:00;113.172;28.956;95.923,25;348.323;59.515;4.385;96.274,5;306.338;222.358,5;183.884,5;31.499;36.606,75
18.03.2022;00:00;00:00;113.918,25;25.919;28.386,5;236.357,5;178.764;4.291,25;96.297,25;286.506,25;234.555,5;167.272,75;24.249,25;39.454,75
19.03.2022;00:00;00:00;112.461,25;25.587;62.374,5;489.689,25;202.732,5;3.684,75;94.039,75;234.868,75;118.271,25;87.549,75;30.262,75;32.514,25
20.03.2022;00:00;00:00;111.380,25;23.374,25;94.031,75;562.050,5;203.743;3.690;92.420,5;174.420,5;96.506,75;82.398,25;15.275,75;32.898,5
21.03.2022;00:00;00:00;113.262;26.507,25;40.748,75;236.462,5;217.719;4.420,5;95.277,75;295.978;231.653,25;156.772,75;36.706,5;35.679,25
22.03.2022;00:00;00:00;113.386,25;27.705,25;7.200,75;89.053,5;233.825,75;4.213,5;96.601,75;309.719,75;262.427,5;198.842,5;26.046,75;35.991,5
23.03.2022;00:00;00:00;113.683;28.442,25;2.748,75;53.401;233.135,75;3.920;96.233,75;314.016,25;286.201,5;205.532,75;22.203,25;36.303,5
24.03.2022;00:00;00:00;112.096,75;28.194,75;3.409;41.393;230.690,75;4.157;96.343;302.320,25;289.603,75;208.868,25;27.267,25;36.232,75
25.03.2022;00:00;00:00;112.307,75;29.523,25;17.882;96.339;228.722,75;4.000,25;95.899,5;291.342,5;276.162,5;159.443,75;23.177,25;37.134
26.03.2022;00:00;00:00;111.623,5;27.863,5;46.697;220.621,5;212.691;3.825,25;95.121,75;305.490,25;171.738,5;106.888;21.380,75;33.232,25
27.03.2022;00:00;00:00;106.353;25.643,25;22.564,25;66.235;220.775;3.799,25;89.518,25;311.959,25;154.567,25;109.216;16.844,25;31.403,5
28.03.2022;00:00;00:00;111.128,5;26.935,5;40.912,75;136.065;214.143;3.979,75;95.746;323.379;240.749,5;164.002,25;22.440,25;34.632
29.03.2022;00:00;00:00;111.031,25;27.731,5;25.290;142.496,25;153.258;3.967;93.989,25;327.790,75;249.917;204.020,75;30.797,5;39.859,25
30.03.2022;00:00;00:00;111.299,25;31.133;25.971,75;78.905,5;93.796;4.204;94.226,5;351.428,5;259.560,25;239.838,25;29.615,75;35.518
31.03.2022;00:00;00:00;108.227,25;30.615;93.174;411.233;69.491,5;4.500,25;95.640,25;314.650,75;231.266,75;163.318,75;23.311,75;38.542,25
01.04.2022;00:00;00:00;107.931;28.169,25;101.980;583.281,75;59.187;4.095,75;96.350;306.704;159.070;128.981,5;25.122;39.574
02.04.2022;00:00;00:00;107.736;28.012,75;58.216;394.582,25;82.134;3.912,5;94.909,5;290.108,5;174.754,25;124.229,25;29.566;34.437,5
03.04.2022;00:00;00:00;107.356,25;27.199;70.294;219.563,5;132.713,75;3.712;94.640,25;259.073,25;201.688,75;101.473,25;34.487,25;36.277,5
04.04.2022;00:00;00:00;108.784,25;24.941,5;101.503,25;802.499,75;139.207,25;3.373,25;94.916,5;213.705,75;119.388;101.735,5;14.160,75;33.288,5
05.04.2022;00:00;00:00;112.399;26.567,75;59.409,75;543.244;77.148,75;3.733;97.746,25;295.916,5;185.875,5;110.533,5;46.483,25;38.301,25
06.04.2022;00:00;00:00;111.095,75;28.865,25;110.963,75;730.164,75;119.187;3.514,75;96.593,5;272.790,75;125.760,75;80.473;25.057;27.304,25
07.04.2022;00:00;00:00;109.691,5;29.182;104.349,75;920.365,75;111.372,25;3.202,25;95.943,25;182.476,75;95.426,5;100.219,25;18.306,25;28.680
08.04.2022;00:00;00:00;111.171,75;35.097,25;96.270,25;565.016,25;106.551,75;3.591,5;95.554,75;254.976,75;134.507,5;119.844,25;40.621;29.410
09.04.2022;00:00;00:00;108.682,75;35.489,25;116.728;556.828;168.368,5;3.388,75;97.003,75;200.643,5;92.466,5;89.657;24.249,75;27.068,5
10.04.2022;00:00;00:00;108.943;32.609,25;103.904,25;409.762,5;181.119,5;3.477;95.912,5;184.349,5;99.851,5;86.761;14.587,5;32.707
11.04.2022;00:00;00:00;110.471,5;31.773;28.398;132.773;266.834;3.880;96.349;330.792,75;185.135;131.237,5;38.443;35.344
12.04.2022;00:00;00:00;109.399,5;31.752;104.977;334.962,75;251.179,5;3.672;96.345,5;304.773,5;152.593,75;108.912,5;32.990,75;34.451
13.04.2022;00:00;00:00;109.531;32.969;56.230,75;160.838;225.200,5;3.697,75;94.299;286.112,75;181.889,75;150.641,75;36.978;38.055,5
14.04.2022;00:00;00:00;109.716,25;31.906;52.743;130.811,75;186.193,75;3.650,75;95.511,75;300.598;174.876,5;145.062;23.704,25;35.662,25
15.04.2022;00:00;00:00;110.402,75;34.995,25;31.605,25;173.378,5;150.760,25;3.851,25;95.405,75;284.628,5;123.304,75;95.073,5;15.861,75;35.505
16.04.2022;00:00;00:00;110.589,25;32.327,25;44.273,75;212.317,75;247.643,75;3.750,5;94.984;265.658,75;87.484,75;81.692,5;25.457;34.271,25
17.04.2022;00:00;00:00;110.068,25;29.345,5;41.348;151.533,25;283.951;3.290,5;94.853,5;246.402;62.839,75;74.311,5;24.005,5;33.314,25
18.04.2022;00:00;00:00;109.947,75;27.619;54.644;105.528;286.339,5;3.449,25;94.908,25;259.764;73.738,75;78.903,25;19.506;33.658,5
19.04.2022;00:00;00:00;109.863,75;28.896;39.959;191.551,25;258.025,75;3.805;95.163,5;298.857;121.901,25;130.344,5;26.339;35.809,25
20.04.2022;00:00;00:00;110.810;30.881;32.487,75;189.575,5;251.373;3.919,25;95.724,25;296.159;130.284,75;113.911,25;30.661,5;34.258
21.04.2022;00:00;00:00;109.727;33.692;47.452,75;208.238,5;189.186,5;3.894;95.136,75;308.779,5;139.695,5;109.012,75;22.492,75;34.466,5
22.04.2022;00:00;00:00;110.004,5;31.926,25;116.195;387.916,75;209.160,5;3.814,25;95.370,5;296.811,5;92.416,75;88.576,25;30.327;34.276,25
23.04.2022;00:00;00:00;109.027,25;29.002,25;111.644,75;433.084,5;211.685,5;3.390,75;94.028;259.584,5;46.583,75;63.385,25;24.374,75;33.082,75
24.04.2022;00:00;00:00;108.875,25;27.135;104.091,75;406.012;147.882,75;3.325,25;95.621,75;244.404,75;67.449,5;60.676,25;12.343,5;32.383,25
25.04.2022;00:00;00:00;109.812,25;31.382;53.295,5;112.848,5;160.885,25;3.763,25;95.780,5;323.889,25;174.275;160.870,25;18.951,5;32.928,75
26.04.2022;00:00;00:00;110.099,75;34.159,25;15.025,25;82.499,75;163.417,25;3.629,25;95.673,5;318.923,5;195.234,5;203.404,75;16.395,25;31.073
27.04.2022;00:00;00:00;109.472,25;33.233;3.759,25;68.094;222.225;3.588,5;95.688,5;319.195,25;200.537,25;188.325,75;14.733,5;31.123
28.04.2022;00:00;00:00;109.398,75;32.755,75;24.647,75;83.036;280.991,75;3.472,75;95.424;321.170;193.323,75;136.510,5;21.560,75;30.744,5
29.04.2022;00:00;00:00;110.725;32.679,75;22.962;80.824;242.344;3.371,75;95.027,25;320.104,25;196.259,5;141.998,5;19.008;30.534,75
30.04.2022;00:00;00:00;110.282,5;29.589,75;8.148;105.459,5;178.251,75;3.291;94.779;312.780;138.521,75;91.540;12.162,75;30.023,25
01.05.2022;00:00;00:00;109.668,5;29.752;566,75;51.535,5;183.225,75;3.185,25;94.878,5;310.929;122.730,5;54.090,25;11.576,5;29.602
02.05.2022;00:00;00:00;110.253;29.545,25;8.276,75;64.107,5;254.068,25;3.224;94.234;305.053,25;180.982,25;81.880,5;15.074,5;24.234,75
03.05.2022;00:00;00:00;109.636;30.776,75;31.527,25;88.413,75;248.228,5;3.088,75;93.466,75;320.446,75;198.783,5;99.090,5;14.985;24.475,5
04.05.2022;00:00;00:00;110.193,25;33.159,75;2.207;41.949,5;221.118,5;2.746,75;93.204,5;320.389,75;200.942,5;107.026,25;22.610,75;29.224,75
05.05.2022;00:00;00:00;110.157,25;33.491,75;6.308,75;45.559,25;211.484,75;2.740,25;93.280,25;320.891;194.773;100.975,25;18.763,75;30.038,25
06.05.2022;00:00;00:00;109.673;37.240;16.183,75;42.742;210.306;2.737,5;85.693,25;318.561,25;172.174,25;95.372,25;17.234;30.347,75
07.05.2022;00:00;00:00;107.906,75;37.999;30.660,25;79.619,5;215.911;2.736;63.044;284.666,75;113.818;49.932;18.109,75;29.759,5
08.05.2022;00:00;00:00;107.249,75;36.296,25;26.216,25;120.190,5;238.465,5;2.736;62.591,5;273.598;74.686,5;45.438,5;12.779,75;29.618,5
09.05.2022;00:00;00:00;107.672,5;36.608,75;11.922,25;93.215,5;292.881,5;2.739,5;61.869,75;293.851,25;150.083,75;88.314;27.692,75;33.075
10.05.2022;00:00;00:00;106.741;38.943,25;88.410,25;244.297,75;248.241,25;2.736;62.995,25;303.764;120.622,5;67.847,25;25.351,75;29.982,25
11.05.2022;00:00;00:00;106.378,25;37.948,5;80.718,5;347.340,75;268.655,5;2.736;62.427;273.624;70.420,25;69.169,75;24.280,75;24.141,5
12.05.2022;00:00;00:00;105.966,25;36.566,25;66.611;368.547,5;258.665,25;2.891;60.814;262.799,25;70.452,25;68.907,75;42.871,25;29.012
13.05.2022;00:00;00:00;107.337,25;40.671,75;88.119,75;326.634,5;215.671,5;2.741;62.572;246.258,5;75.408;59.641,5;34.703,5;32.473,5
14.05.2022;00:00;00:00;108.146,25;40.210,75;49.716,5;228.712;283.735,5;2.736;60.636,25;230.041,25;67.675;44.434,5;30.809;30.356,5
15.05.2022;00:00;00:00;107.621,25;39.581,75;19.645,75;85.322,25;309.027,5;2.736;62.466;240.263,75;55.046,5;36.535,75;13.525,75;32.211,25
16.05.2022;00:00;00:00;107.041;43.833,5;67.171,5;232.670,25;211.605,5;2.737,75;62.156,25;288.542;92.981,75;67.607;27.443,25;32.621,5
17.05.2022;00:00;00:00;106.940,25;46.989,25;23.550,5;94.873,25;227.054;2.739,25;62.087;310.976,5;137.808,75;93.371,75;31.281,5;32.821,5
18.05.2022;00:00;00:00;106.510,25;45.136,25;39.663;167.710,75;291.726,25;2.736;61.841,5;297.906,25;119.296,5;77.453,5;26.574,75;31.770,75
19.05.2022;00:00;00:00;105.893;45.891,75;28.808;206.123;263.522,5;2.736;60.470,25;251.884,25;116.411,5;72.963,75;30.756,5;32.187,75
20.05.2022;00:00;00:00;106.223,25;47.746;23.340,25;215.088;243.655;2.736;61.050;245.488,25;128.388,75;64.446,5;23.750;26.577,5
21.05.2022;00:00;00:00;105.249;46.200,25;74.977,25;489.359,25;236.890,25;2.736;61.391,25;178.586,5;46.873;34.891;26.781,5;26.144,25
22.05.2022;00:00;00:00;106.486,75;47.857,25;15.388,5;58.351,5;279.649,25;2.736;61.020,75;265.878,5;73.649,25;46.496;22.915,75;25.935,5
23.05.2022;00:00;00:00;105.926;48.025,75;84.742,5;351.564,75;220.725,25;2.736;61.407;261.162,25;87.847,5;68.242,5;34.809,75;25.808,75
24.05.2022;00:00;00:00;105.952,5;49.433,75;74.878,5;339.326,25;168.508,25;2.736,5;61.517,5;266.231,25;91.839,75;59.671,75;34.658;26.664,75
25.05.2022;00:00;00:00;108.239,5;48.632,75;79.312,5;238.597;239.904,5;2.737,75;69.494,5;268.296;70.469,75;58.381;33.045;27.741,25
26.05.2022;00:00;00:00;106.448,75;45.469,5;111.781,5;468.805,5;200.789;2.736;80.201,5;153.782,75;36.750;38.013;27.646;27.231,5
27.05.2022;00:00;00:00;105.993,5;43.016;106.144,5;577.473,5;212.681,75;2.736;80.319,25;134.533,5;59.419,25;41.195;39.892,5;31.564,75
28.05.2022;00:00;00:00;106.236,25;41.556,75;105.706,25;487.053;232.484,75;2.757,5;78.922,25;148.606,5;50.004;37.667,75;19.786,5;33.965,75
29.05.2022;00:00;00:00;108.208,25;41.508;109.978,5;153.585,25;193.563,5;2.736;81.222,5;273.164,75;43.140,5;40.893,25;14.223;33.498,25
30.05.2022;00:00;00:00;109.357,25;43.694;4.165,5;47.143;232.694,75;2.741,25;88.519,5;295.834,75;106.409;82.337,25;34.974,5;34.130
31.05.2022;00:00;00:00;108.566,25;41.911,25;3.582,5;53.695,5;245.261,75;2.736;92.148,75;323.450;118.464,25;215.540;32.211,5;33.414
01.06.2022;00:00;00:00;109.159,25;44.186,5;9.342,75;127.166,25;242.175,75;2.669;90.356,75;351.357,75;114.595,75;83.199,25;28.105,25;34.003,5
02.06.2022;00:00;00:00;109.143,25;43.708,25;65.101;133.208,25;282.652,5;2.642,25;91.140,5;337.647,75;86.444,5;68.537,25;27.312,5;31.283,75
03.06.2022;00:00;00:00;109.035,25;41.165,5;16.754,25;116.198;278.663,25;2.655,25;89.953,5;312.926,5;84.824;82.563,5;30.042,5;31.739,75
04.06.2022;00:00;00:00;108.025,25;43.905,25;21.098;115.190;251.703,75;2.634,75;73.425,5;289.264,25;61.858,25;50.244,75;28.447,5;31.133
05.06.2022;00:00;00:00;106.192,75;40.867;56.595,75;251.474,25;198.085,5;2.632,25;64.629,75;282.881,75;60.427,75;43.777,75;19.170,75;31.213,5
06.06.2022;00:00;00:00;105.025,25;40.832,5;113.927,25;341.924;228.429;2.604,25;55.680,25;228.560,75;56.100,75;41.768;14.412,25;26.085,75
07.06.2022;00:00;00:00;106.279,75;45.425;99.973,25;255.909,25;195.611,25;2.675,75;65.115,75;325.971;96.925,5;70.024,5;23.981,75;28.481,5
08.06.2022;00:00;00:00;107.222;48.958,75;15.228,25;100.361,25;225.512,25;2.679,25;64.913,75;325.944,75;96.889,25;80.978,75;31.435;29.074,5
09.06.2022;00:00;00:00;103.348;46.098,5;28.575;177.770;188.990;2.719,75;65.227,5;327.864,75;98.466,5;68.682,25;17.571,75;28.881
10.06.2022;00:00;00:00;102.982,75;48.002;60.612,75;106.765,25;274.496;2.716,5;65.164,25;331.728,25;100.575,25;56.728,25;27.318,25;28.621,75
11.06.2022;00:00;00:00;101.278,25;47.329,25;62.902;114.725,5;277.033,75;2.675;60.978,25;278.875,5;63.952;42.463,25;33.275,75;28.287,5
12.06.2022;00:00;00:00;101.234,5;44.822,75;52.472,25;127.076;301.907,25;2.629,75;57.627,75;236.312,5;92.665,25;39.815,25;21.152,75;29.281,5
13.06.2022;00:00;00:00;102.280;43.729,25;66.688,5;257.781;261.229;2.656,25;61.921,75;294.304,25;104.934,5;47.831;30.418,75;28.777,25
14.06.2022;00:00;00:00;102.096;44.914,25;34.811,25;99.046,25;303.700,5;2.684,25;64.935,5;295.868,25;138.337;73.512;34.185;29.488,5
15.06.2022;00:00;00:00;100.734,75;44.542,25;3.345,25;65.698,5;324.001;2.577,25;63.861,5;298.915,5;157.826;65.803,75;31.775,5;28.801,25
16.06.2022;00:00;00:00;100.616;44.962,25;8.001,75;134.024,75;293.291,5;2.573;64.773,5;312.984,75;113.863,5;49.464,5;28.594;29.257,25
17.06.2022;00:00;00:00;102.966,25;43.695,75;67.453,75;70.893;301.672,25;2.609;64.249;296.170,75;128.961,75;46.633,75;39.346;28.670,5
18.06.2022;00:00;00:00;102.316;39.680,25;39.168;211.717,5;309.526,25;2.554;61.179,75;250.525;87.704,5;36.460;37.720,25;28.226
19.06.2022;00:00;00:00;101.828,25;37.085,25;20.985,25;241.736,75;271.578,5;2.463,5;62.949;246.718;80.259,75;41.160;21.918,25;28.285,75
20.06.2022;00:00;00:00;102.987,75;42.216;43.681;190.213,5;177.865;2.419,5;64.350;280.945,25;145.519;68.259,5;34.810,25;27.477,5
21.06.2022;00:00;00:00;105.399,75;42.433,25;25.545;115.284,5;303.388,5;2.526,25;65.193,5;312.935,75;175.732,25;72.876,5;31.571,5;29.771
22.06.2022;00:00;00:00;104.616,75;43.974,75;5.341,75;49.193;241.403,75;2.523,25;64.121,75;318.697;191.056,5;82.148;34.730,5;30.296,25
23.06.2022;00:00;00:00;103.565,25;44.265,75;29.392,75;104.100;311.287;2.494,25;62.849,25;309.734,75;184.686;84.914;29.452,5;27.850,75
24.06.2022;00:00;00:00;104.157,5;44.738,75;59.484,5;243.088,25;201.858,25;2.564,5;64.359,5;282.035,75;164.804;56.915;32.801,25;28.020
25.06.2022;00:00;00:00;103.516;44.500,75;18.146,25;68.762,25;260.550,25;2.613,5;90.965,75;294.564,5;142.997,5;36.763,75;31.991;27.242,25
26.06.2022;00:00;00:00;102.622;39.654,75;17.400,25;76.526,75;264.581,5;2.562;92.166;282.536;104.017,5;43.201,75;14.744,25;26.473,25
27.06.2022;00:00;00:00;102.584;41.559,25;15.494;140.464,75;214.636,25;2.542;94.352,5;313.827,25;169.434;77.972,75;34.756;26.776
28.06.2022;00:00;00:00;102.949,75;43.928,25;13.955;81.622,5;265.057,5;2.618,5;95.487;325.025,5;170.127;75.278;33.396,75;26.205,75
29.06.2022;00:00;00:00;103.105,25;45.586,25;44.294;148.481;203.954;2.626,5;95.101;329.249;166.267;79.151,75;30.405,25;27.432,25
30.06.2022;00:00;00:00;102.496,75;43.638;48.410;117.723,75;279.084,75;2.603,5;94.785;322.302,5;176.736,25;208.767;33.635;27.023,25
01.07.2022;00:00;00:00;103.155;47.702,25;67.745,25;214.693,75;133.683,5;2.711,5;95.960,5;326.879,5;183.431,5;149.405,5;27.730;26.333,25
02.07.2022;00:00;00:00;103.729;41.683,25;61.200,75;105.212,75;333.503,5;2.707,75;92.388,75;254.735,25;125.941,5;75.124;34.278;25.325,5
03.07.2022;00:00;00:00;103.558,25;37.272,75;25.378,25;150.983,75;318.324,75;2.590,25;90.492,5;273.589,75;98.376,25;70.214,5;12.493,25;25.312,5
04.07.2022;00:00;00:00;104.332;39.330,75;73.404,5;142.502,25;284.840,25;2.550,75;95.436,75;306.177,25;152.621,75;101.352,5;46.723,75;25.914
05.07.2022;00:00;00:00;104.315,25;45.086,5;75.267;144.465,5;287.705,25;2.560,25;95.079,5;297.417,25;198.052,25;120.146;41.441,25;27.385,5
06.07.2022;00:00;00:00;104.868,75;42.618;86.427,25;187.479,25;261.156,75;2.561,25;95.402;299.110,5;188.320,25;83.605,75;36.536;25.895,75
07.07.2022;00:00;00:00;104.017;40.528;93.865,75;422.541,25;128.012,25;2.594,5;95.978;292.870,5;137.202;80.899;21.788,5;25.855,75
08.07.2022;00:00;00:00;105.604,75;43.774,25;64.527;269.961,75;234.668;2.605,25;96.254;281.351;154.658,75;73.698,75;48.296,25;28.699
09.07.2022;00:00;00:00;103.945,25;36.710,25;87.578,5;283.116,75;210.511,75;2.585,75;94.873;240.616,75;108.657,5;66.195,5;20.169,75;31.875,75
10.07.2022;00:00;00:00;104.594;32.698,5;76.659,75;324.619,5;215.038,25;2.537;88.763;203.705,5;90.473,75;58.074;18.676,75;31.467,75
11.07.2022;00:00;00:00;105.998,25;34.184,75;23.746;90.153,75;220.374;2.475,75;95.870;291.961,5;170.464,5;173.136,25;40.176,25;31.072,5
12.07.2022;00:00;00:00;104.884,5;37.055,75;38.567,25;62.133;310.638,25;2.463,25;95.595,5;288.714,25;159.683,5;183.636,5;39.714,25;30.494
13.07.2022;00:00;00:00;103.305,75;36.906,75;43.653,5;222.701,5;247.803;2.476,25;95.102,75;293.252,75;186.957,25;158.948,5;30.303,75;30.203
14.07.2022;00:00;00:00;104.173,75;34.783;64.773,25;202.436,25;266.318,75;2.421,25;95.207,5;298.597,5;154.748,25;133.589,75;26.389,75;30.029,5
15.07.2022;00:00;00:00;105.094,75;33.362,75;78.306;210.261,75;259.240;2.459,25;95.691,75;280.421,75;153.712,75;112.790;36.365;30.337,5
16.07.2022;00:00;00:00;103.904,25;31.804,25;75.680,5;306.033,25;285.206,5;2.557,75;89.711,5;220.681;76.002,25;59.856;29.930,5;31.232,75
17.07.2022;00:00;00:00;104.740;29.658,25;28.418,25;80.260,75;325.904,25;2.514,5;91.982;258.524,25;65.059;81.526,75;28.872;32.420
18.07.2022;00:00;00:00;104.121,75;33.418,25;46.502;41.160,5;299.658,25;2.474;94.731;307.558;122.087,5;180.997,5;40.539,5;26.184,25
19.07.2022;00:00;00:00;101.189,5;36.133,25;31.968,5;95.238,5;321.930,75;2.458;94.731,75;299.739,75;145.220,75;221.612,75;34.796,5;29.589,25
20.07.2022;00:00;00:00;98.342;37.418,5;89.573;248.247;298.297;2.443;94.188,75;296.239,25;145.081,75;138.098,25;37.188,75;35.438,5
21.07.2022;00:00;00:00;102.052,75;39.827,25;48.356,5;196.450,5;194.114,75;2.561,75;94.984,5;292.673,5;151.972,5;244.769,75;39.092,5;33.848,5
22.07.2022;00:00;00:00;103.636,5;35.841,75;55.681,5;101.577,5;252.032,5;2.555,25;95.041;303.291,25;144.525,25;238.922;38.755,5;30.624,25
23.07.2022;00:00;00:00;103.611;39.798,25;29.219,5;101.740;228.525,5;2.560,5;94.970,5;287.784;134.975,25;155.961,75;32.306,75;30.202,75
24.07.2022;00:00;00:00;102.576,75;36.584;71.381,75;74.190;310.655,5;2.527,75;92.998;261.795,75;94.847;115.043,5;33.562,75;31.863,25
25.07.2022;00:00;00:00;100.577,5;34.826;74.614,25;331.915;264.628,5;2.424;94.293,25;282.477,5;139.916;95.721,5;20.474,75;31.471
26.07.2022;00:00;00:00;101.510,5;40.317;95.420,5;263.743,75;212.869,75;2.486,25;94.844;293.646,5;146.751,75;165.280,25;46.692;32.012,75
27.07.2022;00:00;00:00;103.244,25;37.363,5;83.569;175.496,75;229.122,75;2.528;95.415,5;299.578,75;145.206,5;201.739,5;25.049,25;31.927,5
28.07.2022;00:00;00:00;103.421,5;35.750,75;11.403,5;108.297,75;293.771;2.784;94.598,75;323.990;133.397,5;178.940;21.981,75;28.529,75
29.07.2022;00:00;00:00;103.615,75;39.829,5;33.727;149.126;215.557;2.536;95.186;328.993;145.796,25;164.241,75;34.470,25;22.692,25
30.07.2022;00:00;00:00;103.444,75;41.140,75;11.781,75;83.231;227.400,25;2.554,5;95.060,75;291.657,5;141.508,75;82.206;36.104,5;24.449
31.07.2022;00:00;00:00;103.589,25;35.077,75;24.681,75;90.235,75;228.826;2.542;93.811,75;290.840,75;128.566,75;70.848,75;16.113;23.925,25
01.08.2022;00:00;00:00;103.904,25;33.343,5;34.618,25;140.699,5;211.939,75;2.463;95.160;298.802,5;185.138,25;83.229,5;35.130,75;23.577,25
02.08.2022;00:00;00:00;103.935,25;35.767,5;76.270;57.518,25;292.928,25;2.460;95.101,25;319.209,5;184.593,5;53.978,75;32.166;22.079,25
03.08.2022;00:00;00:00;101.843,75;36.885;65.908,5;73.996,5;306.762,75;2.466;93.878;315.251;167.862,75;60.593,25;40.819,25;21.676,5
04.08.2022;00:00;00:00;100.915,75;35.942,75;21.993,25;117.702;279.698,5;2.457,25;91.824,5;312.900,75;180.813,5;64.268;31.719;25.102
05.08.2022;00:00;00:00;102.352;35.660,75;24.585;191.616;204.384,25;2.484,25;92.532;318.497;187.838,5;47.893,5;25.904,25;22.430,25
06.08.2022;00:00;00:00;103.399,5;34.825;41.811,25;136.615,75;255.530,5;2.584,5;94.255;301.332,5;148.564,5;33.163,25;28.226,5;21.642,75
07.08.2022;00:00;00:00;103.847;30.579,75;18.354,5;80.758,25;295.569,75;2.595,5;93.513,5;273.755,5;129.782,75;33.507;14.376;21.029,75
08.08.2022;00:00;00:00;103.486;30.470;2.438,25;78.686,5;294.481,75;2.606,5;95.472,25;301.937,25;187.390,75;42.943,25;34.008,5;25.550,5
09.08.2022;00:00;00:00;103.447,25;31.983,75;425,75;117.801,5;297.574,5;2.595,25;95.510,25;302.201,75;185.345,25;50.831,75;31.239,25;32.657,75
10.08.2022;00:00;00:00;102.301;31.653,75;2.603,75;125.037,5;300.568;2.581;95.245,25;304.648,25;184.336,25;47.202,5;38.528,75;33.207,5
11.08.2022;00:00;00:00;102.562,5;35.387,75;2.947,5;129.689,75;307.714;2.592,5;95.113,75;282.467,25;164.686,5;54.748,75;42.345,5;32.681,5
12.08.2022;00:00;00:00;103.091,25;39.029,5;13.394,25;154.844,25;291.089;2.601,75;95.250,75;255.129,5;162.974,75;54.349,25;36.507,75;32.132,5
13.08.2022;00:00;00:00;102.007,75;36.420,5;16.460;121.753,25;252.422,75;2.590,5;95.195,5;239.960,75;146.287;37.465,5;30.156,5;32.143,5
14.08.2022;00:00;00:00;100.815,75;33.499,75;54.525;137.643,5;266.742;2.556;94.957;241.917;126.104,5;34.877,25;20.685,25;31.573
15.08.2022;00:00;00:00;100.826,25;33.034;37.928;131.115,5;205.133,75;2.539,5;94.842;275.027,25;153.560;58.343,25;27.524,25;32.037,75
16.08.2022;00:00;00:00;102.176,75;36.903,25;13.231,75;61.066,75;260.336,75;2.541,25;94.739;283.436,25;172.505,5;100.005,75;34.847,5;33.153,25
17.08.2022;00:00;00:00;101.374,5;36.747,5;22.533,5;62.549,75;210.970,5;2.510,5;94.878,25;266.506,25;178.089,75;108.964,75;24.961,5;27.418,5
18.08.2022;00:00;00:00;102.957,5;34.063;37.525;94.605,75;166.725,25;2.532,75;94.816;283.763,5;184.240,75;106.796;12.935,25;24.130
19.08.2022;00:00;00:00;103.875,75;36.118,75;8.241,5;91.545,25;118.669,75;2.573,25;95.070,25;283.408,25;181.156,25;99.531,25;24.888;23.978,5
20.08.2022;00:00;00:00;102.885,25;44.224,75;26.224;77.945,5;137.272,25;2.587,25;95.437;289.693,5;166.671,75;48.975,75;25.739,25;24.964,5
21.08.2022;00:00;00:00;103.025,25;40.957;41.526,5;65.624,5;247.596;2.579,5;95.624,25;265.873;145.214,25;56.148,75;13.695,5;23.795,5
22.08.2022;00:00;00:00;103.795,25;36.144,75;9.629,25;58.514,5;228.703,5;2.595;95.492,75;307.097,25;218.605,25;103.635;22.293;29.569,5
23.08.2022;00:00;00:00;103.024,25;35.551,75;14.383,5;119.198,25;257.643,75;2.593,5;95.459;302.751,5;215.178;99.319,5;24.763,5;31.150,75
24.08.2022;00:00;00:00;102.759,25;34.876,25;12.468,5;115.190;253.356,5;2.584,5;95.052;292.105,5;223.466,5;101.498,25;26.985;33.233,75
25.08.2022;00:00;00:00;102.522,75;33.402,75;68.872;142.952,75;243.882,75;2.570,75;94.611;285.020,75;230.587,25;92.803,75;24.427,5;32.386,5
26.08.2022;00:00;00:00;103.973,25;35.692,75;52.753,25;108.629,5;176.337,5;2.547,75;94.809,75;286.712,5;228.707,5;96.256;24.318,25;32.845,75
27.08.2022;00:00;00:00;103.800,75;37.546;58.960,25;137.600,75;111.132,5;2.541;95.219,25;298.452,5;167.422,75;62.911,75;13.219,5;32.682,25
28.08.2022;00:00;00:00;102.700,25;36.588,75;107.975,75;185.379;196.206;2.545;95.432;268.371,5;133.772,75;44.641,25;9.540,75;31.625,25
29.08.2022;00:00;00:00;104.746,5;33.468;44.189,75;101.678,5;226.312;2.546,75;95.534;285.087;210.937,5;83.306;32.251,75;32.076,5
30.08.2022;00:00;00:00;104.835;32.633;41.786,5;115.815,75;230.812,75;2.560;95.318;283.517,25;250.025,75;91.522;19.986,75;31.110,5
31.08.2022;00:00;00:00;105.132;34.573,5;43.628,5;163.932,75;158.376,5;2.601,5;95.643;290.284,25;235.712,5;196.506,25;31.882,25;30.936
01.09.2022;00:00;00:00;104.762;33.705,75;29.150,5;161.447,75;214.412,5;2.713,25;95.773,5;296.843,75;227.027,75;91.417,25;29.605;30.134,75
02.09.2022;00:00;00:00;105.132,75;29.748,75;70.691;253.499,25;259.489,25;2.732;96.085,75;296.408,75;221.246,5;65.243,25;27.852,5;30.489,75
03.09.2022;00:00;00:00;104.102,5;28.102;108.811,5;312.560,25;203.897;2.736,5;95.905,75;260.951,5;113.520;36.604,5;34.984,25;27.627,5
04.09.2022;00:00;00:00;103.448;30.453,5;90.484;174.359,75;236.299,25;2.714,5;95.674,25;277.488,5;117.723,25;45.349,75;23.216,25;27.792
05.09.2022;00:00;00:00;103.474,25;30.862,75;97.199,75;236.955,75;241.066,75;2.705,25;95.313,75;300.070,25;219.036,25;58.406;37.754,75;29.166,75
06.09.2022;00:00;00:00;102.964;33.416,25;100.903,75;262.028;197.684,25;2.688,25;94.900;312.898;209.419,25;65.672,5;36.972,25;29.653
07.09.2022;00:00;00:00;103.791,25;33.520,25;36.810,75;127.389;193.955,75;2.630,5;95.079,5;304.666,5;236.122,5;90.696,75;26.416,5;29.303,75
08.09.2022;00:00;00:00;103.585,5;34.447,5;57.714,75;211.194,25;110.562;2.720,75;95.480;324.483,75;228.810,25;73.043,5;23.184,25;28.680,5
09.09.2022;00:00;00:00;104.830,75;37.127,5;21.015;207.466,5;163.718,75;2.745,25;96.017,75;323.451;210.537,25;59.134;21.997,5;27.295,75
10.09.2022;00:00;00:00;104.486,5;35.741,75;12.386;143.344,25;132.299,25;2.747,25;96.268,75;293.897,5;186.109,25;50.439,5;13.832,25;26.857,75
11.09.2022;00:00;00:00;103.711,25;35.077,25;2.052,75;64.796,5;139.335,75;2.750;96.035,25;294.005,5;178.084,5;57.287;19.668,25;26.630
12.09.2022;00:00;00:00;104.130,25;35.904,5;50.010,75;59.968,5;217.308,75;2.747,5;96.120;275.223,75;223.851,25;81.159,25;30.356,5;27.048
13.09.2022;00:00;00:00;104.298,75;35.414;102.604,75;219.024,75;151.275,75;2.641,5;95.967,25;286.949,5;222.864,5;77.775,25;27.850;31.086,5
14.09.2022;00:00;00:00;104.865,75;36.773,5;65.751;108.928,5;89.472,75;2.661,75;95.632,75;294.139;241.330,5;84.839,25;33.671,5;28.572,25
15.09.2022;00:00;00:00;105.029,25;37.260,25;115.111,25;298.080,25;114.673,75;2.718,75;95.669,75;304.452,75;219.801,5;48.090,5;31.570,75;29.224,25
16.09.2022;00:00;00:00;105.233,75;37.557;122.217,25;497.076,25;136.293,5;2.770;96.712;274.301;110.506,5;43.154,75;34.050,25;31.841
17.09.2022;00:00;00:00;105.979,5;34.931,5;115.246,5;515.921,25;140.142;2.777,75;96.002,25;176.889,5;74.448,75;30.622,75;32.669;30.210,5
18.09.2022;00:00;00:00;105.469,5;38.390,75;109.525,25;535.129;97.803;2.772,75;97.214,75;176.048,25;67.031,75;30.758,75;23.528,5;29.901
19.09.2022;00:00;00:00;106.725;40.310,75;137.559;352.122,25;135.116;2.775,25;97.129,5;283.304;136.478;49.148,5;36.500,75;30.116,5
20.09.2022;00:00;00:00;107.423,5;38.481;46.222,75;123.156;158.128;2.781;97.398;309.786;249.197,25;88.994,25;26.195,5;29.577
21.09.2022;00:00;00:00;108.725,75;37.931,75;1.718;30.982,75;213.465,25;2.797,5;97.524,5;312.633;259.765,25;111.107,5;27.289,25;30.018,5
22.09.2022;00:00;00:00;108.679;37.374,25;14.762,25;34.977,5;229.665,5;2.812;97.507,5;324.243,5;272.400,25;88.620,75;32.165,5;31.222
23.09.2022;00:00;00:00;109.699,75;37.199,5;32.493,25;80.089;200.109;2.794,75;97.339,25;322.825,25;275.442,25;89.823;25.754,25;31.438,25
24.09.2022;00:00;00:00;109.201,75;33.637;81.631,25;43.973,5;102.701,25;2.771,5;96.991,25;320.073,5;220.058,25;48.811,25;19.631;31.322,25
25.09.2022;00:00;00:00;108.800,75;32.535,25;45.414,25;68.973;108.517,25;2.744,25;96.961,75;294.800;200.928;48.635,5;21.246,75;31.094
26.09.2022;00:00;00:00;108.682,75;33.904,75;110.580;422.515;127.035;2.746,5;96.853,5;279.714,75;164.079,75;44.046,5;19.326,75;31.082
27.09.2022;00:00;00:00;109.965,25;38.094;52.277;320.416,25;92.830,75;2.806,75;97.105,25;283.896,25;227.460;61.709;30.882,25;31.031,75
28.09.2022;00:00;00:00;110.549,25;40.434,75;2.463,75;101.168,5;91.860,75;2.801;97.538;315.275,25;277.169,75;79.591,5;35.604,25;32.109,5
29.09.2022;00:00;00:00;110.673,75;40.813;19.729,25;48.563,5;128.880,25;2.803,75;97.481,75;320.762,5;289.237,25;75.691;39.714,5;24.984,5
30.09.2022;00:00;00:00;102.801,75;41.573,25;57.915;135.441,5;172.869,75;2.809,5;97.205,25;297.098,75;246.816,75;58.784;38.421;30.221,25
01.10.2022;00:00;00:00;102.409,5;36.563;125.667;621.318,25;59.763,25;2.929,5;96.696;165.509,25;63.207,5;32.510,5;30.233,25;30.829
02.10.2022;00:00;00:00;102.806,25;39.588,25;146.720;461.597;91.156;2.802,75;94.269,75;191.579;71.976,5;30.826,75;29.421;30.997,5
03.10.2022;00:00;00:00;104.149,25;50.559;66.542,5;299.781,25;131.341;2.776;96.773,75;244.175,25;141.713,75;32.863,75;47.320,5;30.687,75
04.10.2022;00:00;00:00;105.112;51.954,75;100.555,75;185.642,25;172.912,5;2.764;96.624,5;293.136,25;188.413,75;46.745,5;42.678,75;30.044,75
05.10.2022;00:00;00:00;103.465,5;46.019,75;129.180;501.831,75;165.670,5;2.731,5;95.186,5;249.156,5;104.302;35.680,5;34.396;29.983,75
06.10.2022;00:00;00:00;103.147,75;43.494,75;106.216,25;436.727,75;174.399,5;2.721,25;93.425,25;261.512,5;138.355,75;43.845,5;45.732;30.401
07.10.2022;00:00;00:00;106.005;43.281,5;115.089,5;270.424,25;173.515,75;2.767,25;96.666,25;294.244,5;181.932,75;45.811;47.926,75;31.063
08.10.2022;00:00;00:00;105.409,75;39.170,75;110.454,5;352.838,75;112.498;2.806,5;96.763;298.528;121.252;42.892,75;29.078,75;30.979
09.10.2022;00:00;00:00;104.170;35.567,25;61.460,5;203.371,25;180.854,75;2.848,25;97.122,25;302.488,75;83.169,5;36.971,75;26.100,5;28.412,75
10.10.2022;00:00;00:00;101.641,25;36.533,75;109.545,25;321.671,5;154.543,25;2.815;96.984,75;308.904,5;180.446,25;49.176,25;32.856,5;29.578,25
11.10.2022;00:00;00:00;102.145,25;36.567,5;65.965,25;131.241,5;134.804,75;2.770,5;96.876,25;319.547;225.934,5;92.031,25;38.384,25;29.422
12.10.2022;00:00;00:00;103.055,25;39.528,75;40.120,25;59.425,75;141.816,5;2.752;96.849,75;308.966;258.085,25;101.752,75;36.282;27.063,75
13.10.2022;00:00;00:00;103.272;37.549,25;41.446,5;142.615,75;81.671,75;2.760,75;96.752;323.806,25;255.677,5;104.218,75;38.825;27.169,25
14.10.2022;00:00;00:00;101.650,75;40.861,25;30.306,5;127.983,5;75.253,5;2.725,5;96.631,25;338.354,5;215.278,75;100.968,5;37.168;26.723
15.10.2022;00:00;00:00;99.728,75;36.401,25;72.104,5;258.944,25;76.527,25;2.758,5;96.181,75;306.598,25;100.535;45.897,25;18.781,25;25.709,25
16.10.2022;00:00;00:00;99.636,5;32.350,25;98.122,75;294.823,25;125.406,75;2.719,75;95.694,25;260.699,25;84.646,25;45.402,75;26.664,75;24.850
17.10.2022;00:00;00:00;102.284;30.808,25;86.919;291.679,5;139.470,75;2.746,25;95.141,5;311.795;134.317,25;88.464,25;33.589;25.994,75
18.10.2022;00:00;00:00;104.879,5;31.532,5;90.822,5;132.449;90.312;2.795,25;96.181;279.046,75;220.893,5;117.166;38.315,75;26.301,75
19.10.2022;00:00;00:00;106.935,75;30.787,5;40.901,75;151.118,5;102.911,25;2.790,25;96.671,25;284.135;160.483,25;119.208;36.107,75;27.780
20.10.2022;00:00;00:00;107.160,25;29.854,75;118.495;429.197;111.261,75;2.834;96.613;265.626;120.667,25;75.776,25;33.852,25;27.630,25
21.10.2022;00:00;00:00;110.741,5;31.255,25;26.300,25;238.386,5;52.900,25;2.935,25;67.460,75;301.491,75;128.490,75;105.236,5;33.779,75;30.898,5
22.10.2022;00:00;00:00;110.046,75;31.758,25;50.923,5;207.464,75;104.122;2.935;63.187;262.672,5;56.212,75;71.441;21.424,25;31.117,75
23.10.2022;00:00;00:00;109.692,5;31.321,75;61.833,75;258.518,5;100.720,5;2.809,25;63.171,5;246.736,25;42.010;54.515,75;14.932,75;30.853
24.10.2022;00:00;00:00;109.479;31.074,75;117.062,5;604.665,5;57.273,5;2.750;62.988,5;203.954,25;77.569,5;68.722,5;23.980,5;30.765,25
25.10.2022;00:00;00:00;109.784,25;42.954,75;101.347,25;344.400,5;101.540,5;2.987,5;63.240,25;256.476;64.170,25;105.340,5;33.744,25;31.145,5
26.10.2022;00:00;00:00;109.890;40.552;69.340,75;188.883,75;101.028,75;2.914,75;63.238;327.264,25;60.726,25;113.760,25;26.243,5;30.718,5
27.10.2022;00:00;00:00;110.146,5;39.321,25;96.386,25;251.184;135.987,25;2.820,5;63.001,5;323.275,25;58.391;70.990,75;31.181;29.606
28.10.2022;00:00;00:00;110.341,5;38.271,25;72.372,75;350.677,5;106.588,5;2.813,25;62.732,5;311.822,75;50.628;61.843,25;25.726;30.085
29.10.2022;00:00;00:00;110.214,75;35.438,5;33.816;147.226,75;92.107;2.973,25;67.147,25;271.449,25;45.480,25;61.089,75;22.038,25;30.074,75
30.10.2022;00:00;00:00;114.807;34.851;32.287,5;139.879,5;125.883,75;1.482,75;78.095,5;293.823;41.945,5;51.166,25;29.544,75;24.736,5
31.10.2022;00:00;00:00;110.615,5;36.319,5;47.730,5;135.339,25;85.810,5;3.508,75;91.396,5;294.906,75;57.190;99.735;36.973,5;31.843,5
01.11.2022;00:00;00:00;108.931,5;33.472,75;134.888,5;465.932,25;76.338;3.134;93.806,75;216.964,75;56.970;31.245,5;27.214,5;31.268,25
02.11.2022;00:00;00:00;109.936,25;30.212,75;128.439,75;552.885,5;95.613,75;3.155,5;96.209,5;224.798,25;75.798,75;56.937,25;35.689;30.062
03.11.2022;00:00;00:00;112.357,75;31.666,75;129.970,75;483.416,5;78.161,75;3.267,75;96.246;293.150,5;59.553;70.064,25;26.808;32.665,25
04.11.2022;00:00;00:00;113.246;36.127,75;116.367;260.334,5;40.815,25;3.383,25;96.460,25;326.148,75;153.900,75;88.685,5;41.936,25;32.191,5
05.11.2022;00:00;00:00;112.687,5;32.994,5;95.078,25;262.461;75.180,25;3.267,5;96.630,5;290.166,75;98.555;50.714,25;19.426,5;31.387,75
06.11.2022;00:00;00:00;110.982,75;30.267,25;109.283,5;502.915,25;93.495;3.069;96.412,5;132.268;113.274;34.750,25;30.114,5;30.320,25
07.11.2022;00:00;00:00;111.996;29.245,75;112.221,75;584.671,25;68.818,75;3.280,25;95.624,5;223.247,75;115.275,5;52.211;40.211,25;31.878,25
08.11.2022;00:00;00:00;111.813,5;29.486,25;118.139,75;526.636;99.788,25;3.478,75;95.833,25;245.356,75;114.791,75;55.644,5;36.668,25;30.312,5
09.11.2022;00:00;00:00;111.764,75;30.898,75;121.145,25;548.036,5;56.683,25;3.378;95.359,25;274.919,75;121.409;54.645,5;35.787;30.113,25
10.11.2022;00:00;00:00;111.579,5;33.317,5;141.422;454.726,25;91.282,25;3.347,25;95.348;294.493,5;134.589;49.424;37.001,25;30.563
11.11.2022;00:00;00:00;113.175,5;32.564,5;143.480;362.331;71.770;3.443,75;95.904,25;314.755,75;141.144;57.980;33.922,5;29.416,5
12.11.2022;00:00;00:00;114.398,75;34.662,25;35.759;95.059;68.618,75;3.690;96.055,25;356.344,25;170.684;59.395;32.101,5;28.887
13.11.2022;00:00;00:00;113.179,25;30.108;42.773;234.093,75;89.609,5;3.671,25;95.774,25;338.564,5;168.574,75;53.615;18.671,5;27.427,5
14.11.2022;00:00;00:00;112.316;29.680,5;104.727,5;352.450,75;76.491,75;3.541,75;95.598,75;364.294,5;204.587,5;89.528;38.808,25;23.732,75
15.11.2022;00:00;00:00;112.174;32.008,75;93.532,5;286.640,25;84.129,75;3.279;95.038,5;364.050,25;253.436,5;59.410,25;40.175;23.781,25
16.11.2022;00:00;00:00;109.983,75;32.884,5;116.094,25;432.093;35.695,5;3.446,75;94.838,5;348.822;197.108;64.473,75;37.618,75;23.828
17.11.2022;00:00;00:00;106.147;30.424,75;73.471,5;681.175,25;29.985,5;3.445;94.563,25;258.940,5;196.660;60.566,75;35.020,5;27.259,5
18.11.2022;00:00;00:00;108.632,5;30.650;119.617,5;325.554,75;27.825,25;3.666,25;94.635,25;349.143,75;258.345,5;76.139,75;44.972;30.411,5
19.11.2022;00:00;00:00;108.582,25;32.402,75;64.562,5;144.211,25;42.255,25;3.765,5;94.931,75;342.849,5;277.347;73.272,75;37.184,75;29.769,25
20.11.2022;00:00;00:00;108.145;28.813,5;21.148,5;143.547,75;36.535;3.696,25;94.549,5;340.879,75;264.456;66.873,5;21.170,75;29.784
21.11.2022;00:00;00:00;108.595,5;31.275;48.524,5;213.278;47.447,75;3.877,25;94.288,25;352.259,25;248.365,25;110.238;52.336,25;34.023,75
22.11.2022;00:00;00:00;108.773,25;32.017,75;145.310,5;365.214,25;30.540,25;3.913,25;93.738,25;338.842,25;221.565,75;95.047;42.362,25;35.080,25
23.11.2022;00:00;00:00;110.880,75;32.259;119.370;346.617,25;67.499,75;3.768,5;93.457,5;346.217,5;244.363;88.414,75;32.317,25;36.203,5
24.11.2022;00:00;00:00;109.731;33.761,25;93.508;268.031,25;37.492,75;3.734,5;93.037,75;352.494,25;247.281,25;98.147;43.425,75;35.417,5
25.11.2022;00:00;00:00;111.182;32.755,75;85.775,5;234.596,75;43.158;3.681,75;93.053,5;309.191;315.428,5;103.550,25;32.230,5;34.207
26.11.2022;00:00;00:00;110.882;30.552;54.974,25;153.219;37.629,75;3.188,5;92.812,75;322.560,75;331.617,75;74.993,5;28.639,5;32.677
27.11.2022;00:00;00:00;109.384,75;28.120;111.030,5;309.986,5;47.506,5;3.181;92.824,5;296.428,75;215.230,75;65.621;20.276,25;31.214
28.11.2022;00:00;00:00;109.820;28.862,5;82.630,5;299.125,5;21.581,25;3.526;89.451,75;332.153,25;296.864,5;123.202;46.295;36.516,75
29.11.2022;00:00;00:00;110.240,25;32.069,5;27.989,75;74.328,25;14.628,25;4.348,25;92.192,25;351.269,25;353.412,25;167.378;40.975;32.703,25
30.11.2022;00:00;00:00;109.903,5;34.422;27.659,5;61.940,5;17.412,25;4.267,25;92.118,5;362.878,25;364.124,25;186.480,25;39.366,5;35.137
01.12.2022;00:00;00:00;107.845,25;31.975;35.212,25;65.785;16.040,75;4.284;89.876,75;366.651;362.199,75;182.776,75;45.363,5;37.290
02.12.2022;00:00;00:00;109.413;29.999,5;105.185;193.288,5;8.065;4.485;90.357;346.143,25;347.006,5;153.644,75;27.432;36.899,75
03.12.2022;00:00;00:00;110.209,75;26.529,5;129.350,25;157.391,25;7.858,75;4.448,25;87.105;305.452,75;311.916,25;137.119,5;26.251;35.613
04.12.2022;00:00;00:00;108.902,25;24.056,75;119.626,25;182.437,75;10.900;4.482,25;86.333,5;299.595,75;284.669,25;119.229,25;15.784;35.798,75
05.12.2022;00:00;00:00;109.024,25;26.599;113.125,5;127.835,5;8.782;4.212,25;89.683,5;365.389,5;313.619,25;160.021;41.772,25;38.167,5
06.12.2022;00:00;00:00;108.771,75;29.422,25;52.471;101.421;14.320,75;4.377,5;89.853,5;362.946,5;342.966,5;175.255,25;37.097,5;36.015
07.12.2022;00:00;00:00;108.293,25;27.511;93.624,5;298.598,75;28.710,75;4.517;86.327;345.837,5;319.389,5;160.341,75;27.851,75;42.404,25
08.12.2022;00:00;00:00;107.929,75;26.152,75;28.925,75;160.441,25;26.246,5;4.525,5;88.823,25;359.830;357.510,25;173.391,25;40.584,5;38.847,5
09.12.2022;00:00;00:00;111.051,5;28.859;53.850,25;55.321,5;20.730;4.577,25;87.784,5;349.620,75;329.936;185.096,5;43.209,5;39.053,5
10.12.2022;00:00;00:00;114.657;26.082,75;44.743,25;35.731,5;14.305;4.602,25;89.497;323.901,75;332.786;166.288,25;20.006;34.651,5
11.12.2022;00:00;00:00;113.729;24.099,75;50.678,75;33.018,75;11.497,25;4.672,5;90.027,75;333.878,25;327.604,75;154.405,5;23.197,75;34.556,25
12.12.2022;00:00;00:00;113.533;27.505,75;40.154;72.573,5;25.091;4.604,75;89.764,25;367.831,25;347.047;194.526;48.875,25;38.269
13.12.2022;00:00;00:00;113.094,5;29.350,75;70.908,75;148.224,75;33.406,25;4.558,25;89.521,25;369.029,75;346.301,5;191.976,75;50.288,5;37.180,25
14.12.2022;00:00;00:00;114.396;30.227;71.296,5;158.697;15.524,75;4.099,25;89.238,25;374.847;335.207,75;186.945;56.206,5;38.026
15.12.2022;00:00;00:00;115.183,25;31.639,25;81.169;162.815,25;20.710,5;3.683,25;88.960;353.631,5;302.762,5;186.423,25;44.031,5;37.046,5
16.12.2022;00:00;00:00;115.629;31.994,25;32.108,25;72.428;16.383,75;3.664;88.721;358.040,25;307.755;188.358,25;53.086,5;34.847
17.12.2022;00:00;00:00;115.009;29.091;110.846,25;77.181,5;15.403,75;3.689;88.545;348.192;279.054,5;145.636;25.609;32.745,5
18.12.2022;00:00;00:00;114.253,25;25.392,5;114.040,75;324.751;16.845,5;3.716;88.111,75;298.723;236.190,5;115.746,75;17.424,25;31.377
19.12.2022;00:00;00:00;113.837;25.362,5;135.266,5;582.296;6.506,5;3.630,75;87.742,75;274.107,25;179.408,75;120.263,75;27.480,25;31.591,75
20.12.2022;00:00;00:00;112.907,75;25.871,25;112.258,25;589.276,75;11.808,5;3.497;87.309;259.379,5;180.328;99.319,25;40.980,5;31.015
21.12.2022;00:00;00:00;113.183,75;26.212,25;93.099,25;362.996,5;14.076;3.679;86.974,25;299.795,5;211.378;90.689,75;26.507,75;31.184,25
22.12.2022;00:00;00:00;113.741,75;27.814,25;99.398,25;421.688;18.936,75;4.152,5;86.476,25;304.320;172.016,25;70.973;21.684;33.605,5
23.12.2022;00:00;00:00;114.818,25;33.784,5;37.453,75;285.186,25;12.313,5;4.301,25;85.968,5;305.345,5;170.916,75;81.572,75;41.806;34.234,25
24.12.2022;00:00;00:00;113.062,25;40.988;50.451,25;383.540,25;28.366,25;3.869,75;85.741;279.750,5;73.732,75;61.387;44.557,5;32.800,75
25.12.2022;00:00;00:00;113.055,75;37.284;77.995;294.718,25;37.801,25;3.324,25;85.670,25;197.666,25;59.617;48.805;32.704,25;31.517,25
26.12.2022;00:00;00:00;111.713;34.043,75;115.326,75;594.453,25;15.781;3.285;85.186,25;126.343;86.764,75;44.737,5;20.431,5;31.180,75
27.12.2022;00:00;00:00;112.840;36.079;137.652,5;562.755,75;50.861;3.331,75;85.404,25;156.293,75;102.035,25;53.677;43.122,25;30.893,5
28.12.2022;00:00;00:00;112.354,5;35.127;142.179,25;696.755,25;32.013,5;3.222,75;84.808,25;120.110,25;69.525,75;49.771,75;36.019,75;25.890,25
29.12.2022;00:00;00:00;110.182,5;32.496,5;107.179,75;738.053,25;32.261;3.142;84.068,75;118.496,75;87.900,25;45.552,5;43.196,5;30.187,5
30.12.2022;00:00;00:00;110.101;31.841;121.809,75;659.710,75;50.321,5;3.176,5;83.458,5;113.228;82.357,5;41.400,5;29.982,75;30.076,75
31.12.2022;00:00;00:00;109.650,75;30.451,25;99.311,25;674.964;34.732;2.996,75;80.582,75;91.227;54.711,5;37.992,5;22.072,75;29.791,25
